,ratio
2020-07-27 00:00:00-04:00,0.9779764915596615
2020-07-28 00:00:00-04:00,0.9779581354007748
2020-07-29 00:00:00-04:00,0.9779486895955397
2020-07-30 00:00:00-04:00,0.9779677636291484
2020-07-31 00:00:00-04:00,0.9780126312055308
2020-08-03 00:00:00-04:00,0.9779836497803064
2020-08-04 00:00:00-04:00,0.9779752016543551
2020-08-05 00:00:00-04:00,0.9779730715100482
2020-08-06 00:00:00-04:00,0.9779661388514922
2020-08-07 00:00:00-04:00,0.9779584368114465
2020-08-10 00:00:00-04:00,0.9779748829721315
2020-08-11 00:00:00-04:00,0.9779807973750961
2020-08-12 00:00:00-04:00,0.977978994441331
2020-08-13 00:00:00-04:00,0.9779855992073747
2020-08-14 00:00:00-04:00,0.9779594876052072
2020-08-17 00:00:00-04:00,0.9779992171209215
2020-08-18 00:00:00-04:00,0.9779946133104926
2020-08-19 00:00:00-04:00,0.9779784581437027
2020-08-20 00:00:00-04:00,0.9779820001358772
2020-08-21 00:00:00-04:00,0.9779703094538634
2020-08-24 00:00:00-04:00,0.9779745884956499
2020-08-25 00:00:00-04:00,0.9780025652986405
2020-08-26 00:00:00-04:00,0.9779855157642507
2020-08-27 00:00:00-04:00,0.977959578773016
2020-08-28 00:00:00-04:00,0.9779986659243312
2020-08-31 00:00:00-04:00,0.9779737250988028
2020-09-01 00:00:00-04:00,0.9779576643267638
2020-09-02 00:00:00-04:00,0.9779745174869338
2020-09-03 00:00:00-04:00,0.9779557999586146
2020-09-04 00:00:00-04:00,0.9778940984850737
2020-09-08 00:00:00-04:00,0.9779543027214348
2020-09-09 00:00:00-04:00,0.9779880424681153
2020-09-10 00:00:00-04:00,0.9779374676785764
2020-09-11 00:00:00-04:00,0.9779553051052964
2020-09-14 00:00:00-04:00,0.9779577806497127
2020-09-15 00:00:00-04:00,0.9779826258360645
2020-09-16 00:00:00-04:00,0.9779639799098001
2020-09-17 00:00:00-04:00,0.9779863608178075
2020-09-18 00:00:00-04:00,0.9779813761002294
2020-09-21 00:00:00-04:00,0.9793822095734449
2020-09-22 00:00:00-04:00,0.9794104912328259
2020-09-23 00:00:00-04:00,0.9793749056991244
2020-09-24 00:00:00-04:00,0.9793996778098378
2020-09-25 00:00:00-04:00,0.9794193386153657
2020-09-28 00:00:00-04:00,0.9793806605066083
2020-09-29 00:00:00-04:00,0.979377187465944
2020-09-30 00:00:00-04:00,0.9794085082200711
2020-10-01 00:00:00-04:00,0.9793963839609224
2020-10-02 00:00:00-04:00,0.9794211477207668
2020-10-05 00:00:00-04:00,0.9794005535744038
2020-10-06 00:00:00-04:00,0.9793969069337515
2020-10-07 00:00:00-04:00,0.9793882163455944
2020-10-08 00:00:00-04:00,0.9794036411072568
2020-10-09 00:00:00-04:00,0.9794182604364036
2020-10-12 00:00:00-04:00,0.9793853972925968
2020-10-13 00:00:00-04:00,0.9793857719720929
2020-10-14 00:00:00-04:00,0.9793814546895039
2020-10-15 00:00:00-04:00,0.9793943282333755
2020-10-16 00:00:00-04:00,0.9794070215375568
2020-10-19 00:00:00-04:00,0.9793707528121626
2020-10-20 00:00:00-04:00,0.9794133596731003
2020-10-21 00:00:00-04:00,0.9794007070547159
2020-10-22 00:00:00-04:00,0.9794014754603391
2020-10-23 00:00:00-04:00,0.9793880402828764
2020-10-26 00:00:00-04:00,0.9793836993375575
2020-10-27 00:00:00-04:00,0.9793982876078078
2020-10-28 00:00:00-04:00,0.9793942895097133
2020-10-29 00:00:00-04:00,0.9794207844759407
2020-10-30 00:00:00-04:00,0.9793831022838034
2020-11-02 00:00:00-05:00,0.9793695613944511
2020-11-03 00:00:00-05:00,0.9793826039136915
2020-11-04 00:00:00-05:00,0.9794004128797279
2020-11-05 00:00:00-05:00,0.9793774058435729
2020-11-06 00:00:00-05:00,0.9793978337699147
2020-11-09 00:00:00-05:00,0.9793963072205386
2020-11-10 00:00:00-05:00,0.9794064803746542
2020-11-11 00:00:00-05:00,0.9794104146164675
2020-11-12 00:00:00-05:00,0.9793911705739126
2020-11-13 00:00:00-05:00,0.9794062769306219
2020-11-16 00:00:00-05:00,0.9794048816391626
2020-11-17 00:00:00-05:00,0.9794012998686
2020-11-18 00:00:00-05:00,0.9793892198831115
2020-11-19 00:00:00-05:00,0.9793953733829762
2020-11-20 00:00:00-05:00,0.9793951967020712
2020-11-23 00:00:00-05:00,0.9793801405908251
2020-11-24 00:00:00-05:00,0.9793983558982112
2020-11-25 00:00:00-05:00,0.9794054430756066
2020-11-27 00:00:00-05:00,0.9794053174520626
2020-11-30 00:00:00-05:00,0.9793904930915147
2020-12-01 00:00:00-05:00,0.9794253257214934
2020-12-02 00:00:00-05:00,0.9793774743867688
2020-12-03 00:00:00-05:00,0.9793894369495554
2020-12-04 00:00:00-05:00,0.9793937769048564
2020-12-07 00:00:00-05:00,0.979399770872266
2020-12-08 00:00:00-05:00,0.9794021000224996
2020-12-09 00:00:00-05:00,0.97936645379448
2020-12-10 00:00:00-05:00,0.9793623298201609
2020-12-11 00:00:00-05:00,0.9793940671674771
2020-12-14 00:00:00-05:00,0.9793949180243139
2020-12-15 00:00:00-05:00,0.9794081423466451
2020-12-16 00:00:00-05:00,0.9794220944745826
2020-12-17 00:00:00-05:00,0.9793957611726567
2020-12-18 00:00:00-05:00,0.9793854089398492
2020-12-21 00:00:00-05:00,0.981160105005292
2020-12-22 00:00:00-05:00,0.9811690197490476
2020-12-23 00:00:00-05:00,0.9811700941536126
2020-12-24 00:00:00-05:00,0.9811870404758968
2020-12-28 00:00:00-05:00,0.9811762919383037
2020-12-29 00:00:00-05:00,0.9811835501736685
2020-12-30 00:00:00-05:00,0.9811842772600058
2020-12-31 00:00:00-05:00,0.9811749112479629
2021-01-04 00:00:00-05:00,0.9811661866684106
2021-01-05 00:00:00-05:00,0.9811827711892618
2021-01-06 00:00:00-05:00,0.9811333655743075
2021-01-07 00:00:00-05:00,0.9811818829103591
2021-01-08 00:00:00-05:00,0.9811819025841133
2021-01-11 00:00:00-05:00,0.9811908165313593
2021-01-12 00:00:00-05:00,0.9811695681850131
2021-01-13 00:00:00-05:00,0.9811691297963401
2021-01-14 00:00:00-05:00,0.9811595908808028
2021-01-15 00:00:00-05:00,0.9811558274783586
2021-01-19 00:00:00-05:00,0.9811813154727145
2021-01-20 00:00:00-05:00,0.981175128421589
2021-01-21 00:00:00-05:00,0.9811818891028619
2021-01-22 00:00:00-05:00,0.9811814333194834
2021-01-25 00:00:00-05:00,0.9811475064067476
2021-01-26 00:00:00-05:00,0.9811622718384765
2021-01-27 00:00:00-05:00,0.9811731928964245
2021-01-28 00:00:00-05:00,0.9811811073128479
2021-01-29 00:00:00-05:00,0.9811587816956987
2021-02-01 00:00:00-05:00,0.9811718706710998
2021-02-02 00:00:00-05:00,0.9811916182320587
2021-02-03 00:00:00-05:00,0.9811778470150286
2021-02-04 00:00:00-05:00,0.9811575752937044
2021-02-05 00:00:00-05:00,0.9811805757942098
2021-02-08 00:00:00-05:00,0.9811724198624393
2021-02-09 00:00:00-05:00,0.9811758568951745
2021-02-10 00:00:00-05:00,0.9811775389189603
2021-02-11 00:00:00-05:00,0.981166192287441
2021-02-12 00:00:00-05:00,0.9811883950998669
2021-02-16 00:00:00-05:00,0.9811762619484495
2021-02-17 00:00:00-05:00,0.9811529505185276
2021-02-18 00:00:00-05:00,0.9811694489365393
2021-02-19 00:00:00-05:00,0.9811838246986374
2021-02-22 00:00:00-05:00,0.9811650804171833
2021-02-23 00:00:00-05:00,0.9811769700012434
2021-02-24 00:00:00-05:00,0.9811840304875792
2021-02-25 00:00:00-05:00,0.9811550825939954
2021-02-26 00:00:00-05:00,0.9811742250258805
2021-03-01 00:00:00-05:00,0.9811630092842097
2021-03-02 00:00:00-05:00,0.9811620348238638
2021-03-03 00:00:00-05:00,0.9811442608094854
2021-03-04 00:00:00-05:00,0.9811501508462079
2021-03-05 00:00:00-05:00,0.981127520696839
2021-03-08 00:00:00-05:00,0.9811492961921195
2021-03-09 00:00:00-05:00,0.9811954919523673
2021-03-10 00:00:00-05:00,0.9811586524797176
2021-03-11 00:00:00-05:00,0.9811575379357705
2021-03-12 00:00:00-05:00,0.9811608717586083
2021-03-15 00:00:00-04:00,0.9811576515535383
2021-03-16 00:00:00-04:00,0.9811864777332324
2021-03-17 00:00:00-04:00,0.9811430893315346
2021-03-18 00:00:00-04:00,0.9811653693418382
2021-03-19 00:00:00-04:00,0.9811559642216252
2021-03-22 00:00:00-04:00,0.9823896713026092
2021-03-23 00:00:00-04:00,0.9824099444833397
2021-03-24 00:00:00-04:00,0.9823787391733486
2021-03-25 00:00:00-04:00,0.9823838257934077
2021-03-26 00:00:00-04:00,0.982389543505485
2021-03-29 00:00:00-04:00,0.9823816735291765
2021-03-30 00:00:00-04:00,0.9824138485526706
2021-03-31 00:00:00-04:00,0.9824026518753989
2021-04-01 00:00:00-04:00,0.9823924737378521
2021-04-05 00:00:00-04:00,0.982382244931569
2021-04-06 00:00:00-04:00,0.9824049530505897
2021-04-07 00:00:00-04:00,0.9824128111378045
2021-04-08 00:00:00-04:00,0.9823943267670858
2021-04-09 00:00:00-04:00,0.9823950764571562
2021-04-12 00:00:00-04:00,0.9823795668739016
2021-04-13 00:00:00-04:00,0.9824020862868198
2021-04-14 00:00:00-04:00,0.9823877111142987
2021-04-15 00:00:00-04:00,0.9823891003600552
2021-04-16 00:00:00-04:00,0.9823737733759235
2021-04-19 00:00:00-04:00,0.9823839863156794
2021-04-20 00:00:00-04:00,0.9823933693999198
2021-04-21 00:00:00-04:00,0.9824092125827452
2021-04-22 00:00:00-04:00,0.982382790742344
2021-04-23 00:00:00-04:00,0.9823829919357017
2021-04-26 00:00:00-04:00,0.9823977986090014
2021-04-27 00:00:00-04:00,0.9823958569852874
2021-04-28 00:00:00-04:00,0.982389987357848
2021-04-29 00:00:00-04:00,0.9823683824948296
2021-04-30 00:00:00-04:00,0.9823913037901757
2021-05-03 00:00:00-04:00,0.9823939689663269
2021-05-04 00:00:00-04:00,0.9823955288838581
2021-05-05 00:00:00-04:00,0.9823733551418943
2021-05-06 00:00:00-04:00,0.9824132061706644
2021-05-07 00:00:00-04:00,0.9823857464882664
2021-05-10 00:00:00-04:00,0.9823633384475156
2021-05-11 00:00:00-04:00,0.9823963514834608
2021-05-12 00:00:00-04:00,0.9823693753899183
2021-05-13 00:00:00-04:00,0.9823900489583505
2021-05-14 00:00:00-04:00,0.9824113378055104
2021-05-17 00:00:00-04:00,0.982355463372268
2021-05-18 00:00:00-04:00,0.9824098766813187
2021-05-19 00:00:00-04:00,0.9823964389554916
2021-05-20 00:00:00-04:00,0.9824056615673769
2021-05-21 00:00:00-04:00,0.9823850906933278
2021-05-24 00:00:00-04:00,0.9823956663516576
2021-05-25 00:00:00-04:00,0.9823852031216613
2021-05-26 00:00:00-04:00,0.98239423808344
2021-05-27 00:00:00-04:00,0.982385394766068
2021-05-28 00:00:00-04:00,0.9823948636487657
2021-06-01 00:00:00-04:00,0.9823876309227417
2021-06-02 00:00:00-04:00,0.982400157033548
2021-06-03 00:00:00-04:00,0.9823979670265247
2021-06-04 00:00:00-04:00,0.9823833639334805
2021-06-07 00:00:00-04:00,0.982377536178743
2021-06-08 00:00:00-04:00,0.9823932154321832
2021-06-09 00:00:00-04:00,0.982393036952148
2021-06-10 00:00:00-04:00,0.9823890322318163
2021-06-11 00:00:00-04:00,0.982390807518337
2021-06-14 00:00:00-04:00,0.9823700616377358
2021-06-15 00:00:00-04:00,0.9823835887942101
2021-06-16 00:00:00-04:00,0.9823832591158042
2021-06-17 00:00:00-04:00,0.9824014352223415
2021-06-18 00:00:00-04:00,0.982386762723882
2021-06-21 00:00:00-04:00,0.9835207586770965
2021-06-22 00:00:00-04:00,0.9835108867581415
2021-06-23 00:00:00-04:00,0.9835338465732202
2021-06-24 00:00:00-04:00,0.983528805760014
2021-06-25 00:00:00-04:00,0.983495399219879
2021-06-28 00:00:00-04:00,0.9835277972708109
2021-06-29 00:00:00-04:00,0.9835223513919432
2021-06-30 00:00:00-04:00,0.9835276294295444
2021-07-01 00:00:00-04:00,0.9835242109484695
2021-07-02 00:00:00-04:00,0.9835390457295738
2021-07-06 00:00:00-04:00,0.9835285638662677
2021-07-07 00:00:00-04:00,0.9835151235561606
2021-07-08 00:00:00-04:00,0.9835308242880969
2021-07-09 00:00:00-04:00,0.9835337513904456
2021-07-12 00:00:00-04:00,0.9835309494728038
2021-07-13 00:00:00-04:00,0.983522731205795
2021-07-14 00:00:00-04:00,0.9835296086301875
2021-07-15 00:00:00-04:00,0.9835027525768509
2021-07-16 00:00:00-04:00,0.9835059341621767
2021-07-19 00:00:00-04:00,0.9834989808150744
2021-07-20 00:00:00-04:00,0.9835348958372581
2021-07-21 00:00:00-04:00,0.9835319089515036
2021-07-22 00:00:00-04:00,0.9835217462280369
2021-07-23 00:00:00-04:00,0.9835289986113755
2021-07-26 00:00:00-04:00,0.9835164421086584
2021-07-27 00:00:00-04:00,0.9835128833201862
2021-07-28 00:00:00-04:00,0.9835304671246878
2021-07-29 00:00:00-04:00,0.9835366252756678
2021-07-30 00:00:00-04:00,0.9835216462306634
2021-08-02 00:00:00-04:00,0.9835126099467127
2021-08-03 00:00:00-04:00,0.9835271903019016
2021-08-04 00:00:00-04:00,0.983538493841586
2021-08-05 00:00:00-04:00,0.9835278398220162
2021-08-06 00:00:00-04:00,0.9835344029222101
2021-08-09 00:00:00-04:00,0.9835166790830826
2021-08-10 00:00:00-04:00,0.9835065768063231
2021-08-11 00:00:00-04:00,0.9835144233108198
2021-08-12 00:00:00-04:00,0.9835238690691862
2021-08-13 00:00:00-04:00,0.983500231700427
2021-08-16 00:00:00-04:00,0.9835069758826103
2021-08-17 00:00:00-04:00,0.9835531615626858
2021-08-18 00:00:00-04:00,0.9835078000865898
2021-08-19 00:00:00-04:00,0.9835297694037691
2021-08-20 00:00:00-04:00,0.9835122185464196
2021-08-23 00:00:00-04:00,0.9835274315906737
2021-08-24 00:00:00-04:00,0.9835162352567496
2021-08-25 00:00:00-04:00,0.9835205059848527
2021-08-26 00:00:00-04:00,0.9835184649113404
2021-08-27 00:00:00-04:00,0.9835229014877137
2021-08-30 00:00:00-04:00,0.9835216140431476
2021-08-31 00:00:00-04:00,0.9835129621592216
2021-09-01 00:00:00-04:00,0.9835438765582907
2021-09-02 00:00:00-04:00,0.9835231680676635
2021-09-03 00:00:00-04:00,0.9835263953004978
2021-09-07 00:00:00-04:00,0.9835410071994549
2021-09-08 00:00:00-04:00,0.9835125801989621
2021-09-09 00:00:00-04:00,0.9835421166254753
2021-09-10 00:00:00-04:00,0.9835208352843775
2021-09-13 00:00:00-04:00,0.9835365633900637
2021-09-14 00:00:00-04:00,0.9835298287367317
2021-09-15 00:00:00-04:00,0.9835368680913947
2021-09-16 00:00:00-04:00,0.9835455830807363
2021-09-17 00:00:00-04:00,0.983531534026155
2021-09-20 00:00:00-04:00,0.9846179851435181
2021-09-21 00:00:00-04:00,0.984632128716574
2021-09-22 00:00:00-04:00,0.9846422316581025
2021-09-23 00:00:00-04:00,0.9846259188370131
2021-09-24 00:00:00-04:00,0.9846256087600811
2021-09-27 00:00:00-04:00,0.9846153476559266
2021-09-28 00:00:00-04:00,0.9845944857848531
2021-09-29 00:00:00-04:00,0.9846202572139517
2021-09-30 00:00:00-04:00,0.9846351466691207
2021-10-01 00:00:00-04:00,0.9846359044067051
2021-10-04 00:00:00-04:00,0.9846052956080499
2021-10-05 00:00:00-04:00,0.9846518363315021
2021-10-06 00:00:00-04:00,0.9846586854264344
2021-10-07 00:00:00-04:00,0.9846459666655601
2021-10-08 00:00:00-04:00,0.9846181048679148
2021-10-11 00:00:00-04:00,0.9846421181499786
2021-10-12 00:00:00-04:00,0.9846196315991849
2021-10-13 00:00:00-04:00,0.9846372770444826
2021-10-14 00:00:00-04:00,0.9846528688294225
2021-10-15 00:00:00-04:00,0.9846454256157752
2021-10-18 00:00:00-04:00,0.9846455535810026
2021-10-19 00:00:00-04:00,0.9846435981882106
2021-10-20 00:00:00-04:00,0.9846371072122744
2021-10-21 00:00:00-04:00,0.9846395585854482
2021-10-22 00:00:00-04:00,0.9846351888963746
2021-10-25 00:00:00-04:00,0.9846504521991413
2021-10-26 00:00:00-04:00,0.9846353773911515
2021-10-27 00:00:00-04:00,0.9846482510298187
2021-10-28 00:00:00-04:00,0.9846178678478896
2021-10-29 00:00:00-04:00,0.9846430203582053
2021-11-01 00:00:00-04:00,0.9846351521424278
2021-11-02 00:00:00-04:00,0.9846436207741389
2021-11-03 00:00:00-04:00,0.9846425867006476
2021-11-04 00:00:00-04:00,0.9846475986223875
2021-11-05 00:00:00-04:00,0.9846263195234005
2021-11-08 00:00:00-05:00,0.9846248085972745
2021-11-09 00:00:00-05:00,0.9846076572535712
2021-11-10 00:00:00-05:00,0.9845877555312051
2021-11-11 00:00:00-05:00,0.9846227170612666
2021-11-12 00:00:00-05:00,0.9846335427221694
2021-11-15 00:00:00-05:00,0.984629976160563
2021-11-16 00:00:00-05:00,0.9846410925404621
2021-11-17 00:00:00-05:00,0.9846335249356167
2021-11-18 00:00:00-05:00,0.9846359055231451
2021-11-19 00:00:00-05:00,0.9846544707030755
2021-11-22 00:00:00-05:00,0.9846258200142616
2021-11-23 00:00:00-05:00,0.9846373753540082
2021-11-24 00:00:00-05:00,0.9846620925845748
2021-11-26 00:00:00-05:00,0.9845826454939631
2021-11-29 00:00:00-05:00,0.984648862167953
2021-11-30 00:00:00-05:00,0.9846202795408998
2021-12-01 00:00:00-05:00,0.9846217563120807
2021-12-02 00:00:00-05:00,0.9846698550442756
2021-12-03 00:00:00-05:00,0.9845990658612729
2021-12-06 00:00:00-05:00,0.984616030819497
2021-12-07 00:00:00-05:00,0.9846369868332171
2021-12-08 00:00:00-05:00,0.9846253843225048
2021-12-09 00:00:00-05:00,0.984615288714608
2021-12-10 00:00:00-05:00,0.9846301322694241
2021-12-13 00:00:00-05:00,0.9846099558713225
2021-12-14 00:00:00-05:00,0.9846036746567831
2021-12-15 00:00:00-05:00,0.9846374818133848
2021-12-16 00:00:00-05:00,0.984600590938233
2021-12-17 00:00:00-05:00,0.9846281615986514
2021-12-20 00:00:00-05:00,0.985883747258672
2021-12-21 00:00:00-05:00,0.9859217988540426
2021-12-22 00:00:00-05:00,0.985931764928456
2021-12-23 00:00:00-05:00,0.9859060507531963
2021-12-27 00:00:00-05:00,0.9859211938835643
2021-12-28 00:00:00-05:00,0.9858845621925444
2021-12-29 00:00:00-05:00,0.9858896880995411
2021-12-30 00:00:00-05:00,0.9859036618266456
2021-12-31 00:00:00-05:00,0.9859001273425674
2022-01-03 00:00:00-05:00,0.9859082574517316
2022-01-04 00:00:00-05:00,0.9858945132917482
2022-01-05 00:00:00-05:00,0.9859008337766813
2022-01-06 00:00:00-05:00,0.9859223498615006
2022-01-07 00:00:00-05:00,0.9859155548157486
2022-01-10 00:00:00-05:00,0.9859110456142818
2022-01-11 00:00:00-05:00,0.9859294679656557
2022-01-12 00:00:00-05:00,0.9859211222920121
2022-01-13 00:00:00-05:00,0.98588233142616
2022-01-14 00:00:00-05:00,0.9859225430728881
2022-01-18 00:00:00-05:00,0.9859131477638786
2022-01-19 00:00:00-05:00,0.985922377156952
2022-01-20 00:00:00-05:00,0.9859127512422405
2022-01-21 00:00:00-05:00,0.9859092581120737
2022-01-24 00:00:00-05:00,0.9858982324287687
2022-01-25 00:00:00-05:00,0.9858702724269426
2022-01-26 00:00:00-05:00,0.9859253831618591
2022-01-27 00:00:00-05:00,0.9859168160714775
2022-01-28 00:00:00-05:00,0.9859008454678585
2022-01-31 00:00:00-05:00,0.9859129251696892
2022-02-01 00:00:00-05:00,0.9859133458271406
2022-02-02 00:00:00-05:00,0.9859171469353918
2022-02-03 00:00:00-05:00,0.9858818895238476
2022-02-04 00:00:00-05:00,0.9859107965520101
2022-02-07 00:00:00-05:00,0.9858937442658017
2022-02-08 00:00:00-05:00,0.985935645109196
2022-02-09 00:00:00-05:00,0.9859038564882666
2022-02-10 00:00:00-05:00,0.9859118760389651
2022-02-11 00:00:00-05:00,0.9858670440347599
2022-02-14 00:00:00-05:00,0.9859188668632184
2022-02-15 00:00:00-05:00,0.9859020303905588
2022-02-16 00:00:00-05:00,0.9859117522237665
2022-02-17 00:00:00-05:00,0.9858929926081913
2022-02-18 00:00:00-05:00,0.9858739231765725
2022-02-22 00:00:00-05:00,0.9858911834997527
2022-02-23 00:00:00-05:00,0.9859032353339624
2022-02-24 00:00:00-05:00,0.9859377833698033
2022-02-25 00:00:00-05:00,0.9858963622310554
2022-02-28 00:00:00-05:00,0.9859034569451389
2022-03-01 00:00:00-05:00,0.9859175499452372
2022-03-02 00:00:00-05:00,0.9859208231860045
2022-03-03 00:00:00-05:00,0.9859293708191459
2022-03-04 00:00:00-05:00,0.9858905712583
2022-03-07 00:00:00-05:00,0.985879820803531
2022-03-08 00:00:00-05:00,0.985904391489711
2022-03-09 00:00:00-05:00,0.9859235090752089
2022-03-10 00:00:00-05:00,0.9858984889764644
2022-03-11 00:00:00-05:00,0.9858878282436561
2022-03-14 00:00:00-04:00,0.9859172016550053
2022-03-15 00:00:00-04:00,0.9858833318552338
2022-03-16 00:00:00-04:00,0.9859316921995105
2022-03-17 00:00:00-04:00,0.9859133299893083
2022-03-18 00:00:00-04:00,0.9859167694745131
2022-03-21 00:00:00-04:00,0.9871501073751944
2022-03-22 00:00:00-04:00,0.9871334148766635
2022-03-23 00:00:00-04:00,0.9871313519968722
2022-03-24 00:00:00-04:00,0.9871425257116373
2022-03-25 00:00:00-04:00,0.9871252553683428
2022-03-28 00:00:00-04:00,0.9871493944491555
2022-03-29 00:00:00-04:00,0.9871413598994591
2022-03-30 00:00:00-04:00,0.987133294946509
2022-03-31 00:00:00-04:00,0.9871112510729779
2022-04-01 00:00:00-04:00,0.9871137870586782
2022-04-04 00:00:00-04:00,0.9871264625120294
2022-04-05 00:00:00-04:00,0.9871116293114098
2022-04-06 00:00:00-04:00,0.9871279312389606
2022-04-07 00:00:00-04:00,0.9871366424495827
2022-04-08 00:00:00-04:00,0.9871356055878634
2022-04-11 00:00:00-04:00,0.9871149755939818
2022-04-12 00:00:00-04:00,0.9871509550583666
2022-04-13 00:00:00-04:00,0.987152567314399
2022-04-14 00:00:00-04:00,0.9871061969980546
2022-04-18 00:00:00-04:00,0.9871255737799464
2022-04-19 00:00:00-04:00,0.9871415263203662
2022-04-20 00:00:00-04:00,0.9871112206940164
2022-04-21 00:00:00-04:00,0.9871184081520957
2022-04-22 00:00:00-04:00,0.987098291322391
2022-04-25 00:00:00-04:00,0.9871271001327886
2022-04-26 00:00:00-04:00,0.9871100560402679
2022-04-27 00:00:00-04:00,0.9871169720693329
2022-04-28 00:00:00-04:00,0.9871655635347568
2022-04-29 00:00:00-04:00,0.9871071147528557
2022-05-02 00:00:00-04:00,0.9870890264038998
2022-05-03 00:00:00-04:00,0.9871515837901659
2022-05-04 00:00:00-04:00,0.987159466736715
2022-05-05 00:00:00-04:00,0.9871256028615568
2022-05-06 00:00:00-04:00,0.9870971672729615
2022-05-09 00:00:00-04:00,0.9871210004403056
2022-05-10 00:00:00-04:00,0.9871562856909164
2022-05-11 00:00:00-04:00,0.9871169234678612
2022-05-12 00:00:00-04:00,0.9871239132512264
2022-05-13 00:00:00-04:00,0.9871349919403809
2022-05-16 00:00:00-04:00,0.9871011175548905
2022-05-17 00:00:00-04:00,0.9871520277378936
2022-05-18 00:00:00-04:00,0.9871145002235859
2022-05-19 00:00:00-04:00,0.9871515173020335
2022-05-20 00:00:00-04:00,0.9871256597921441
2022-05-23 00:00:00-04:00,0.9871659374425436
2022-05-24 00:00:00-04:00,0.9871078013770986
2022-05-25 00:00:00-04:00,0.9871508427530731
2022-05-26 00:00:00-04:00,0.9871211922379827
2022-05-27 00:00:00-04:00,0.9871194434937488
2022-05-31 00:00:00-04:00,0.9870997932231449
2022-06-01 00:00:00-04:00,0.987129184077159
2022-06-02 00:00:00-04:00,0.987113439645967
2022-06-03 00:00:00-04:00,0.9871215020333804
2022-06-06 00:00:00-04:00,0.9871419446438049
2022-06-07 00:00:00-04:00,0.9871151737843765
2022-06-08 00:00:00-04:00,0.9871250345693352
2022-06-09 00:00:00-04:00,0.9871049496859353
2022-06-10 00:00:00-04:00,0.9871110185655484
2022-06-13 00:00:00-04:00,0.9871041322984887
2022-06-14 00:00:00-04:00,0.987116225938378
2022-06-15 00:00:00-04:00,0.9871467999941932
2022-06-16 00:00:00-04:00,0.9871080371754913
2022-06-17 00:00:00-04:00,0.987159662519105
2022-06-21 00:00:00-04:00,0.9889846735368573
2022-06-22 00:00:00-04:00,0.9889917311772696
2022-06-23 00:00:00-04:00,0.9890239569369976
2022-06-24 00:00:00-04:00,0.9889778011758305
2022-06-27 00:00:00-04:00,0.9889968597815172
2022-06-28 00:00:00-04:00,0.9889654576616385
2022-06-29 00:00:00-04:00,0.9889733474466719
2022-06-30 00:00:00-04:00,0.9889513267171884
2022-07-01 00:00:00-04:00,0.9890025607088379
2022-07-05 00:00:00-04:00,0.989025274715813
2022-07-06 00:00:00-04:00,0.9889893590862581
2022-07-07 00:00:00-04:00,0.98896831427585
2022-07-08 00:00:00-04:00,0.9889749818272426
2022-07-11 00:00:00-04:00,0.9889591309406798
2022-07-12 00:00:00-04:00,0.9889645452966073
2022-07-13 00:00:00-04:00,0.9889474199662943
2022-07-14 00:00:00-04:00,0.9889785267643451
2022-07-15 00:00:00-04:00,0.98896902877527
2022-07-18 00:00:00-04:00,0.9889824691603464
2022-07-19 00:00:00-04:00,0.9889828243734382
2022-07-20 00:00:00-04:00,0.988984601368987
2022-07-21 00:00:00-04:00,0.9889767016153166
2022-07-22 00:00:00-04:00,0.9889540300021953
2022-07-25 00:00:00-04:00,0.9889386755167624
2022-07-26 00:00:00-04:00,0.988959407320725
2022-07-27 00:00:00-04:00,0.9889903684857754
2022-07-28 00:00:00-04:00,0.9889720219925909
2022-07-29 00:00:00-04:00,0.9889782096771421
2022-08-01 00:00:00-04:00,0.9889771873544094
2022-08-02 00:00:00-04:00,0.9890153461422321
2022-08-03 00:00:00-04:00,0.989006091666966
2022-08-04 00:00:00-04:00,0.9889873270992171
2022-08-05 00:00:00-04:00,0.9889679597288721
2022-08-08 00:00:00-04:00,0.9889858008223577
2022-08-09 00:00:00-04:00,0.9889573736071406
2022-08-10 00:00:00-04:00,0.9889746915278101
2022-08-11 00:00:00-04:00,0.9889633469245408
2022-08-12 00:00:00-04:00,0.9889768917030024
2022-08-15 00:00:00-04:00,0.98897971889232
2022-08-16 00:00:00-04:00,0.988973366155824
2022-08-17 00:00:00-04:00,0.9889628358095908
2022-08-18 00:00:00-04:00,0.9889780444455937
2022-08-19 00:00:00-04:00,0.9889833141501053
2022-08-22 00:00:00-04:00,0.9889838368466644
2022-08-23 00:00:00-04:00,0.9889540362470995
2022-08-24 00:00:00-04:00,0.9889644027557415
2022-08-25 00:00:00-04:00,0.9889725133944429
2022-08-26 00:00:00-04:00,0.9889403115314181
2022-08-29 00:00:00-04:00,0.988971273927408
2022-08-30 00:00:00-04:00,0.9889677580986477
2022-08-31 00:00:00-04:00,0.9889758335981562
2022-09-01 00:00:00-04:00,0.9889428386967792
2022-09-02 00:00:00-04:00,0.988961951065981
2022-09-06 00:00:00-04:00,0.9888833711375764
2022-09-07 00:00:00-04:00,0.9889603243475029
2022-09-08 00:00:00-04:00,0.9889545632734702
2022-09-09 00:00:00-04:00,0.9889566676882466
2022-09-12 00:00:00-04:00,0.9889765429303105
2022-09-13 00:00:00-04:00,0.9889568423475934
2022-09-14 00:00:00-04:00,0.9889475963668996
2022-09-15 00:00:00-04:00,0.9889196032683275
2022-09-16 00:00:00-04:00,0.9889519260678752
2022-09-19 00:00:00-04:00,0.9907486491783422
2022-09-20 00:00:00-04:00,0.990726500120656
2022-09-21 00:00:00-04:00,0.9907166639104877
2022-09-22 00:00:00-04:00,0.9907292745727022
2022-09-23 00:00:00-04:00,0.9907040393643137
2022-09-26 00:00:00-04:00,0.9907227422910363
2022-09-27 00:00:00-04:00,0.990747267834348
2022-09-28 00:00:00-04:00,0.9907464124566886
2022-09-29 00:00:00-04:00,0.9907055105154846
2022-09-30 00:00:00-04:00,0.9907255892926394
2022-10-03 00:00:00-04:00,0.9907337195041959
2022-10-04 00:00:00-04:00,0.9907644364448033
2022-10-05 00:00:00-04:00,0.9907533750439221
2022-10-06 00:00:00-04:00,0.9907614599146389
2022-10-07 00:00:00-04:00,0.9907353279448446
2022-10-10 00:00:00-04:00,0.9907240928982409
2022-10-11 00:00:00-04:00,0.9907271601247817
2022-10-12 00:00:00-04:00,0.9907331062906486
2022-10-13 00:00:00-04:00,0.9907428974724652
2022-10-14 00:00:00-04:00,0.9907484440979984
2022-10-17 00:00:00-04:00,0.9907497951568057
2022-10-18 00:00:00-04:00,0.9907265802292894
2022-10-19 00:00:00-04:00,0.990764905487385
2022-10-20 00:00:00-04:00,0.9907293303963965
2022-10-21 00:00:00-04:00,0.9907428224731754
2022-10-24 00:00:00-04:00,0.9907832293303801
2022-10-25 00:00:00-04:00,0.9907535185351698
2022-10-26 00:00:00-04:00,0.9907299443881628
2022-10-27 00:00:00-04:00,0.9907266111745618
2022-10-28 00:00:00-04:00,0.9907529500435737
2022-10-31 00:00:00-04:00,0.9907625509750931
2022-11-01 00:00:00-04:00,0.9907371597697435
2022-11-02 00:00:00-04:00,0.9907615627993697
2022-11-03 00:00:00-04:00,0.990730886484414
2022-11-04 00:00:00-04:00,0.9907112035022887
2022-11-07 00:00:00-05:00,0.9907474399498816
2022-11-08 00:00:00-05:00,0.9907473086860834
2022-11-09 00:00:00-05:00,0.9907452900420336
2022-11-10 00:00:00-05:00,0.9907669975627316
2022-11-11 00:00:00-05:00,0.9907623862247288
2022-11-14 00:00:00-05:00,0.9907545347506627
2022-11-15 00:00:00-05:00,0.9907368190534049
2022-11-16 00:00:00-05:00,0.9907241063623284
2022-11-17 00:00:00-05:00,0.9907555872918252
2022-11-18 00:00:00-05:00,0.990740040204006
2022-11-21 00:00:00-05:00,0.9907413478960946
2022-11-22 00:00:00-05:00,0.9907424595315225
2022-11-23 00:00:00-05:00,0.9907521799785725
2022-11-25 00:00:00-05:00,0.9907457774944702
2022-11-28 00:00:00-05:00,0.9907382398914668
2022-11-29 00:00:00-05:00,0.9907267581626406
2022-11-30 00:00:00-05:00,0.9907452679547115
2022-12-01 00:00:00-05:00,0.990787887584549
2022-12-02 00:00:00-05:00,0.990773017445821
2022-12-05 00:00:00-05:00,0.9907787754598884
2022-12-06 00:00:00-05:00,0.9907893020157643
2022-12-07 00:00:00-05:00,0.9907775794642047
2022-12-08 00:00:00-05:00,0.990790822095582
2022-12-09 00:00:00-05:00,0.9908092588656744
2022-12-12 00:00:00-05:00,0.9907966210072336
2022-12-13 00:00:00-05:00,0.9907619304332232
2022-12-14 00:00:00-05:00,0.9907859998807238
2022-12-15 00:00:00-05:00,0.9907862942447987
2022-12-16 00:00:00-05:00,0.9907289132874824
2022-12-19 00:00:00-05:00,0.9931444086188831
2022-12-20 00:00:00-05:00,0.9931317234480791
2022-12-21 00:00:00-05:00,0.9931319666519428
2022-12-22 00:00:00-05:00,0.9931423263039785
2022-12-23 00:00:00-05:00,0.9931316484676475
2022-12-27 00:00:00-05:00,0.993145460783103
2022-12-28 00:00:00-05:00,0.9931312453806321
2022-12-29 00:00:00-05:00,0.9931644851918517
2022-12-30 00:00:00-05:00,0.9931421262593692
2023-01-03 00:00:00-05:00,0.9931510147577846
2023-01-04 00:00:00-05:00,0.9931617821332371
2023-01-05 00:00:00-05:00,0.9931410580966281
2023-01-06 00:00:00-05:00,0.9931477397810063
2023-01-09 00:00:00-05:00,0.9931512128459772
2023-01-10 00:00:00-05:00,0.9931467069251471
2023-01-11 00:00:00-05:00,0.9931553590905179
2023-01-12 00:00:00-05:00,0.9931419552439191
2023-01-13 00:00:00-05:00,0.9931331688711587
2023-01-17 00:00:00-05:00,0.993162553247303
2023-01-18 00:00:00-05:00,0.9931452648159279
2023-01-19 00:00:00-05:00,0.9931491148724323
2023-01-20 00:00:00-05:00,0.993155974104383
2023-01-23 00:00:00-05:00,0.9931585822593672
2023-01-24 00:00:00-05:00,0.993179534581233
2023-01-25 00:00:00-05:00,0.9931241741364115
2023-01-26 00:00:00-05:00,0.9931572068651511
2023-01-27 00:00:00-05:00,0.9931462566722542
2023-01-30 00:00:00-05:00,0.9931465767193367
2023-01-31 00:00:00-05:00,0.9931674424237233
2023-02-01 00:00:00-05:00,0.9931891659428786
2023-02-02 00:00:00-05:00,0.993170066138343
2023-02-03 00:00:00-05:00,0.9931598549251238
2023-02-06 00:00:00-05:00,0.9931485485414218
2023-02-07 00:00:00-05:00,0.9931520195171916
2023-02-08 00:00:00-05:00,0.9931380642412001
2023-02-09 00:00:00-05:00,0.9931640858367768
2023-02-10 00:00:00-05:00,0.9931517429446497
2023-02-13 00:00:00-05:00,0.993150058607754
2023-02-14 00:00:00-05:00,0.9931579057806436
2023-02-15 00:00:00-05:00,0.9931745840684765
2023-02-16 00:00:00-05:00,0.9931507787466896
2023-02-17 00:00:00-05:00,0.9931513860419812
2023-02-21 00:00:00-05:00,0.9931431572656304
2023-02-22 00:00:00-05:00,0.9931216696584582
2023-02-23 00:00:00-05:00,0.9931685530067371
2023-02-24 00:00:00-05:00,0.9931473313436655
2023-02-27 00:00:00-05:00,0.9931800168093188
2023-02-28 00:00:00-05:00,0.9931615515302077
2023-03-01 00:00:00-05:00,0.993128391324101
2023-03-02 00:00:00-05:00,0.9931556859564962
2023-03-03 00:00:00-05:00,0.9931503182584237
2023-03-06 00:00:00-05:00,0.9931481538706061
2023-03-07 00:00:00-05:00,0.9931575868084049
2023-03-08 00:00:00-05:00,0.9931559880978706
2023-03-09 00:00:00-05:00,0.9931260065019681
2023-03-10 00:00:00-05:00,0.9931144693287121
2023-03-13 00:00:00-04:00,0.993159648703571
2023-03-14 00:00:00-04:00,0.9931584391333128
2023-03-15 00:00:00-04:00,0.9931384890127102
2023-03-16 00:00:00-04:00,0.9931515246311592
2023-03-17 00:00:00-04:00,0.9931277764176885
2023-03-20 00:00:00-04:00,0.9946943377330084
2023-03-21 00:00:00-04:00,0.9946928513619049
2023-03-22 00:00:00-04:00,0.9947003006718359
2023-03-23 00:00:00-04:00,0.9946990033405007
2023-03-24 00:00:00-04:00,0.9946823056646297
2023-03-27 00:00:00-04:00,0.9947017614751799
2023-03-28 00:00:00-04:00,0.994671852519768
2023-03-29 00:00:00-04:00,0.9946938479694085
2023-03-30 00:00:00-04:00,0.9946814157011601
2023-03-31 00:00:00-04:00,0.9946853906394907
2023-04-03 00:00:00-04:00,0.9946859566400602
2023-04-04 00:00:00-04:00,0.9946757204279217
2023-04-05 00:00:00-04:00,0.9946727432809663
2023-04-06 00:00:00-04:00,0.9946876370812587
2023-04-10 00:00:00-04:00,0.9946869680294014
2023-04-11 00:00:00-04:00,0.9946802562635135
2023-04-12 00:00:00-04:00,0.9946808210129118
2023-04-13 00:00:00-04:00,0.9946845336004339
2023-04-14 00:00:00-04:00,0.9947073045729762
2023-04-17 00:00:00-04:00,0.9946897905981524
2023-04-18 00:00:00-04:00,0.9946986637467995
2023-04-19 00:00:00-04:00,0.994693168306318
2023-04-20 00:00:00-04:00,0.9946899803697502
2023-04-21 00:00:00-04:00,0.9946770323852082
2023-04-24 00:00:00-04:00,0.9946799464030104
2023-04-25 00:00:00-04:00,0.9946796762153928
2023-04-26 00:00:00-04:00,0.9946892088754872
2023-04-27 00:00:00-04:00,0.9946906219862822
2023-04-28 00:00:00-04:00,0.9946910465672621
2023-05-01 00:00:00-04:00,0.994689477101239
2023-05-02 00:00:00-04:00,0.9946868828288575
2023-05-03 00:00:00-04:00,0.9947044766928514
2023-05-04 00:00:00-04:00,0.9946741398326885
2023-05-05 00:00:00-04:00,0.994695563041297
2023-05-08 00:00:00-04:00,0.9946978692735254
2023-05-09 00:00:00-04:00,0.9946901768729252
2023-05-10 00:00:00-04:00,0.9946885685624922
2023-05-11 00:00:00-04:00,0.9946930530368335
2023-05-12 00:00:00-04:00,0.994677809007087
2023-05-15 00:00:00-04:00,0.9946921789065487
2023-05-16 00:00:00-04:00,0.9946902389150353
2023-05-17 00:00:00-04:00,0.9946977595358422
2023-05-18 00:00:00-04:00,0.9946919912118137
2023-05-19 00:00:00-04:00,0.994679255469034
2023-05-22 00:00:00-04:00,0.9946880479390143
2023-05-23 00:00:00-04:00,0.994682665344028
2023-05-24 00:00:00-04:00,0.994690041852693
2023-05-25 00:00:00-04:00,0.994688336462771
2023-05-26 00:00:00-04:00,0.994709136523758
2023-05-30 00:00:00-04:00,0.9946990378499111
2023-05-31 00:00:00-04:00,0.9946848076435888
2023-06-01 00:00:00-04:00,0.9946990877625911
2023-06-02 00:00:00-04:00,0.9947192993481363
2023-06-05 00:00:00-04:00,0.994688515472169
2023-06-06 00:00:00-04:00,0.994695716063078
2023-06-07 00:00:00-04:00,0.9946732706756861
2023-06-08 00:00:00-04:00,0.9946903963277746
2023-06-09 00:00:00-04:00,0.9947080658258655
2023-06-12 00:00:00-04:00,0.9946844161421551
2023-06-13 00:00:00-04:00,0.9946920872472484
2023-06-14 00:00:00-04:00,0.9946984820660826
2023-06-15 00:00:00-04:00,0.9947123757579267
2023-06-16 00:00:00-04:00,0.9946894148041953
2023-06-20 00:00:00-04:00,0.9960397301515971
2023-06-21 00:00:00-04:00,0.9960558280126753
2023-06-22 00:00:00-04:00,0.9960860783767052
2023-06-23 00:00:00-04:00,0.9960375068763516
2023-06-26 00:00:00-04:00,0.9960359554546292
2023-06-27 00:00:00-04:00,0.9960640863122149
2023-06-28 00:00:00-04:00,0.996049532096024
2023-06-29 00:00:00-04:00,0.9960682753379798
2023-06-30 00:00:00-04:00,0.9960485713835111
2023-07-03 00:00:00-04:00,0.9960728378809316
2023-07-05 00:00:00-04:00,0.9960676166746365
2023-07-06 00:00:00-04:00,0.9960493425203406
2023-07-07 00:00:00-04:00,0.9960556059849162
2023-07-10 00:00:00-04:00,0.9960629337926005
2023-07-11 00:00:00-04:00,0.9960720366415521
2023-07-12 00:00:00-04:00,0.9960567443192544
2023-07-13 00:00:00-04:00,0.9960628425777893
2023-07-14 00:00:00-04:00,0.9960663840611174
2023-07-17 00:00:00-04:00,0.996074789781213
2023-07-18 00:00:00-04:00,0.9960600818963311
2023-07-19 00:00:00-04:00,0.9960717418154525
2023-07-20 00:00:00-04:00,0.9960457639818587
2023-07-21 00:00:00-04:00,0.9960267433627114
2023-07-24 00:00:00-04:00,0.9960654003564989
2023-07-25 00:00:00-04:00,0.9960481570729071
2023-07-26 00:00:00-04:00,0.9960492635703624
2023-07-27 00:00:00-04:00,0.9960500052460388
2023-07-28 00:00:00-04:00,0.9960801222652906
2023-07-31 00:00:00-04:00,0.9960651584166028
2023-08-01 00:00:00-04:00,0.9960471915398897
2023-08-02 00:00:00-04:00,0.9960324277853091
2023-08-03 00:00:00-04:00,0.9960374808515168
2023-08-04 00:00:00-04:00,0.9960571791588192
2023-08-07 00:00:00-04:00,0.9960706314532768
2023-08-08 00:00:00-04:00,0.9960345109058107
2023-08-09 00:00:00-04:00,0.9960405033732067
2023-08-10 00:00:00-04:00,0.9960557416810885
2023-08-11 00:00:00-04:00,0.9960461811227229
2023-08-14 00:00:00-04:00,0.9960726662665775
2023-08-15 00:00:00-04:00,0.9960421495097636
2023-08-16 00:00:00-04:00,0.9960377957792816
2023-08-17 00:00:00-04:00,0.9960341025214077
2023-08-18 00:00:00-04:00,0.9960464732213906
2023-08-21 00:00:00-04:00,0.9960758397952254
2023-08-22 00:00:00-04:00,0.9960660223697587
2023-08-23 00:00:00-04:00,0.996051834867622
2023-08-24 00:00:00-04:00,0.9960312854378119
2023-08-25 00:00:00-04:00,0.9960427893164943
2023-08-28 00:00:00-04:00,0.9960534056092607
2023-08-29 00:00:00-04:00,0.996068817073692
2023-08-30 00:00:00-04:00,0.9960659275714052
2023-08-31 00:00:00-04:00,0.9960486021773718
2023-09-01 00:00:00-04:00,0.9960660130269138
2023-09-05 00:00:00-04:00,0.9960391409798588
2023-09-06 00:00:00-04:00,0.9960442057828323
2023-09-07 00:00:00-04:00,0.9960427167368818
2023-09-08 00:00:00-04:00,0.996055470293425
2023-09-11 00:00:00-04:00,0.9960546388473752
2023-09-12 00:00:00-04:00,0.9960437794215224
2023-09-13 00:00:00-04:00,0.9960572368673803
2023-09-14 00:00:00-04:00,0.9960475310736561
2023-09-15 00:00:00-04:00,0.9960350029100316
2023-09-18 00:00:00-04:00,0.9974926731812569
2023-09-19 00:00:00-04:00,0.9974915787628135
2023-09-20 00:00:00-04:00,0.9974841770104175
2023-09-21 00:00:00-04:00,0.9974722295368086
2023-09-22 00:00:00-04:00,0.9975206320890582
2023-09-25 00:00:00-04:00,0.9975011882357092
2023-09-26 00:00:00-04:00,0.9974765408265324
2023-09-27 00:00:00-04:00,0.9974816217987739
2023-09-28 00:00:00-04:00,0.9975166903852691
2023-09-29 00:00:00-04:00,0.9974977023053705
